{"learning_rate": 0.05621861521660892, "lags": 49, "colsample_bytree": 0.7442763043644218, "num_leaves": 90, "min_data_in_leaf": 18, "bagging_fraction": 0.5149608389362649, "min_child_weight": 10, "subsample": 0.8259041701022732, "max_depth": 7}