{"learning_rate": 0.02919606617974731, "lags": 56, "colsample_bytree": 0.9290473484153169, "num_leaves": 209, "min_data_in_leaf": 55, "bagging_fraction": 0.9405407599071574, "min_child_weight": 8, "subsample": 0.9784272324316602, "max_depth": 10}